<?xml version="1.0" encoding="UTF-8" ?>
<configuration>
    <inculed resourse="org/springframework/boot/logging/base.xml" />
    <springProperty scope="context" name="application_name" source="spring.application.name"/>
    <appender name="LOGSTASH" class="net.logstash.logback.appender.LogstashAccessTcpSocketAppender">
        <destination>localhost:5000</destination>
        <encoder class="net.logstash.logback.encoder.LoggingEventCompositeJsonEncoder">
            <providers>
                <mdc />
                <context />
                <logLevel />
                <loggerName />
                <pattern>
                    <pattern>{ "serviceName": "one" }</pattern>
                </pattern>
                <threadName />
                <message />
                <logstashMarkers />
                <stackTrace />
            </providers>
        </encoder>
    </appender>
    <root level="INFO">
        <appender-ref ref="LOGSTASH" />
    </root>
</configuration>

